<block>
  <name>Randomise &amp; ASM Frame</name>
  <key>randomise_asm</key>
  <category>Custom</category>
  <import>from randomise_asm import randomise_asm  # grc-generated hier_block</import>
  <make>randomise_asm()</make>
  <sink>
    <name>In</name>
    <type>byte</type>
    <vlen>1</vlen>
  </sink>
  <source>
    <name>Out</name>
    <type>byte</type>
    <vlen>1</vlen>
  </source>
  <doc>/home/thomasp/.grc_gnuradio/randomise_asm.py</doc>
  <grc_source>/home/thomasp/GNURadio/GNURadio/Heir_Blocks/Randomise_ASM.grc</grc_source>
</block>
